index,label,value
59,link6.Izz,0.000259541
70,joint5.coulomb_friction,-0.000397883
47,link5.Iyy,0.00492003
66,joint1.coulomb_friction,8.73133e-05
12,link2.m*cy,-0.0179585
65,joint6.viscous_friction,2.0105
68,joint3.coulomb_friction,-0.000477721
69,joint4.coulomb_friction,0.00202162
42,link5.m*cy,2.07118e-05
61,joint2.viscous_friction,0.0563016
49,link5.Izz,-0.00288075
11,link2.m*cx,1.0727
25,link3.Ixy,0.000990165
27,link3.Iyy,0.27204
58,link6.Iyz,-0.000517737
18,link2.Iyz,0.0129148
17,link2.Iyy,0.492729
24,link3.Ixx,0.00510704
23,link3.m*cz,-0.0285095
48,link5.Iyz,-0.000575858
51,link6.m*cx,-0.000191235
56,link6.Ixz,-0.000772779
29,link3.Izz,0.262886
19,link2.Izz,0.501066
64,joint5.viscous_friction,0.00211715
28,link3.Iyz,-0.00333606
63,joint4.viscous_friction,-0.00172204
67,joint2.coulomb_friction,-0.00555187
26,link3.Ixz,-0.0102971
15,link2.Ixy,0.0106584
62,joint3.viscous_friction,0.0230416
71,joint6.coulomb_friction,-0.00137466
46,link5.Ixz,0.00196524
22,link3.m*cy,-0.000850198
60,joint1.viscous_friction,-0.000502761
45,link5.Ixy,-0.00170862
21,link3.m*cx,0.58856
36,link4.Ixz,0.00120272
34,link4.Ixx,0.00781335
38,link4.Iyz,0.00428616
35,link4.Ixy,-0.00516964
32,link4.m*cy,0.0419083
44,link5.Ixx,-0.00362349
55,link6.Ixy,0.00105991
52,link6.m*cy,0.00028079
41,link5.m*cx,0.0179444
54,link6.Ixx,0.00412259
31,link4.m*cx,0.0108951
