t,ref_x,ref_y,ref_z,fk_x,fk_y,fk_z,pos_err,rot_err
0,0.949658,0.0162948,0.621225,0.949658,0.0162948,0.621225,0,0
0.0111082,0.949657,0.0162952,0.621226,0.949657,0.0162952,0.621226,0,2.54848e-06
0.0222165,0.949655,0.0162982,0.621228,0.949655,0.0162982,0.621229,0,1.79273e-05
0.0333247,0.949647,0.0163063,0.621236,0.949648,0.0163063,0.621237,0,5.27859e-05
0.0444329,0.949633,0.0163219,0.621252,0.949634,0.0163219,0.621252,0,0.000108213
0.0555412,0.949611,0.0163474,0.621276,0.949612,0.0163474,0.621277,1.10577e-06,0.000181037
0.0666494,0.949577,0.0163849,0.621313,0.949578,0.016385,0.621314,1.59689e-06,0.000265128
0.0777577,0.94953,0.0164369,0.621364,0.949532,0.0164369,0.621365,2.0883e-06,0.000352698
0.0888659,0.949468,0.0165052,0.621431,0.949471,0.0165053,0.621432,2.5242e-06,0.000435603
0.0999741,0.94939,0.0165921,0.621515,0.949393,0.0165922,0.621516,2.85453e-06,0.000506647
0.111082,0.949294,0.0166995,0.62162,0.949296,0.0166995,0.621621,3.04238e-06,0.00056086
0.122191,0.949177,0.0168293,0.621747,0.94918,0.0168293,0.621748,3.06895e-06,0.000596327
0.133299,0.949038,0.0169833,0.621897,0.949041,0.0169833,0.621898,2.93267e-06,0.000613927
0.144407,0.948876,0.0171633,0.622073,0.948879,0.0171634,0.622074,2.64629e-06,0.000616665
0.155515,0.948689,0.0173711,0.622276,0.948691,0.0173711,0.622276,2.23426e-06,0.000608984
0.166624,0.948476,0.0176082,0.622507,0.948477,0.0176082,0.622508,1.73009e-06,0.00059607
0.177732,0.948235,0.0178761,0.622768,0.948236,0.0178762,0.622769,1.17378e-06,0.000583156
0.18884,0.947964,0.0181765,0.623062,0.947965,0.0181765,0.623062,0,0.000574831
0.199948,0.947663,0.0185108,0.623388,0.947663,0.0185108,0.623388,1.03925e-07,0.000574377
0.211056,0.947331,0.0188802,0.623748,0.947331,0.0188802,0.623748,0,0.000583166
0.222165,0.946966,0.0192861,0.624145,0.946965,0.0192861,0.624144,0,0.000600368
0.233273,0.946566,0.0197297,0.624578,0.946565,0.0197297,0.624577,0,0.000623335
0.244381,0.946132,0.0202123,0.625049,0.946131,0.0202123,0.625048,1.07467e-06,0.000648161
0.255489,0.945662,0.0207349,0.625559,0.945661,0.0207349,0.625558,1.03225e-06,0.000670253
0.266598,0.945154,0.0212985,0.626109,0.945153,0.0212985,0.626108,0,0.000684891
0.277706,0.944609,0.0219043,0.6267,0.944609,0.0219042,0.6267,0,0.000687809
0.288814,0.944025,0.022553,0.627333,0.944025,0.022553,0.627333,0,0.000675791
0.299922,0.943402,0.0232456,0.628009,0.943402,0.0232456,0.628009,1.67142e-07,0.000647273
0.311031,0.942738,0.0239828,0.628728,0.942739,0.0239828,0.628729,0,0.00060292
0.322139,0.942034,0.0247655,0.629492,0.942035,0.0247655,0.629493,0,0.000545882
0.333247,0.941288,0.0255943,0.630301,0.941289,0.0255944,0.630302,1.05244e-06,0.000481332
0.344355,0.9405,0.0264699,0.631156,0.940501,0.02647,0.631156,1.16118e-06,0.000415767
0.355464,0.939669,0.0273929,0.632057,0.93967,0.0273929,0.632057,1.13817e-06,0.000356304
0.366572,0.938795,0.0283638,0.633004,0.938796,0.0283638,0.633004,0,0.000309956
0.37768,0.937878,0.029383,0.633999,0.937879,0.0293831,0.633999,0,0.000282926
0.388788,0.936917,0.0304511,0.635041,0.936917,0.0304511,0.635041,0,0.000279939
0.399897,0.935911,0.0315684,0.636132,0.935911,0.0315684,0.636132,0,0.000303624
0.411005,0.934861,0.0327351,0.63727,0.934861,0.0327351,0.63727,0,0.00035384
0.422113,0.933766,0.0339517,0.638458,0.933765,0.0339517,0.638458,0,0.000427321
0.433221,0.932626,0.0352182,0.639694,0.932625,0.0352182,0.639694,1.0636e-06,0.000518149
0.444329,0.931441,0.036535,0.640979,0.93144,0.0365349,0.640979,1.18517e-06,0.000618556
0.455438,0.930211,0.0379021,0.642313,0.930209,0.037902,0.642313,1.15846e-06,0.000719735
0.466546,0.928935,0.0393195,0.643697,0.928934,0.0393195,0.643697,0,0.000812642
0.477654,0.927614,0.0407874,0.645129,0.927613,0.0407874,0.645129,0,0.000888785
0.488762,0.926247,0.0423058,0.646611,0.926247,0.0423057,0.646611,0,0.000941014
0.499871,0.924835,0.0438744,0.648142,0.924835,0.0438744,0.648142,2.23488e-07,0.0009643
0.510979,0.923378,0.0454934,0.649722,0.923379,0.0454934,0.649722,0,0.000956497
0.522087,0.921876,0.0471625,0.651351,0.921877,0.0471625,0.651351,0,0.000918674
0.533195,0.920329,0.0488815,0.653029,0.92033,0.0488816,0.653029,1.21964e-06,0.000854655
0.544304,0.918737,0.0506503,0.654755,0.918738,0.0506503,0.654756,1.32193e-06,0.000770329
0.555412,0.9171,0.0524684,0.65653,0.917102,0.0524685,0.65653,1.26747e-06,0.000672954
0.56652,0.91542,0.0543358,0.658352,0.915421,0.0543358,0.658352,1.0638e-06,0.000570463
0.577628,0.913695,0.0562519,0.660222,0.913696,0.0562519,0.660222,0,0.000470768
0.588737,0.911927,0.0582164,0.662139,0.911927,0.0582164,0.66214,0,0.000381069
0.599845,0.910116,0.0602289,0.664104,0.910116,0.0602289,0.664104,0,0.000307159
0.610953,0.908262,0.0622889,0.666114,0.908261,0.0622889,0.666114,0,0.000252754
0.622061,0.906365,0.064396,0.668171,0.906365,0.0643959,0.66817,0,0.000219172
0.633169,0.904427,0.0665495,0.670272,0.904426,0.0665494,0.670272,0,0.000205634
0.644278,0.902447,0.068749,0.672419,0.902446,0.0687489,0.672419,1.09709e-06,0.000209724
0.655386,0.900427,0.0709938,0.67461,0.900426,0.0709937,0.67461,1.03961e-06,0.000227843
0.666494,0.898366,0.0732833,0.676844,0.898366,0.0732832,0.676844,0,0.000255645
0.677602,0.896266,0.0756168,0.679122,0.896266,0.0756167,0.679122,0,0.000288487
0.688711,0.894127,0.0779936,0.681442,0.894127,0.0779936,0.681442,0,0.000321892
0.699819,0.891949,0.0804131,0.683803,0.891949,0.0804131,0.683803,6.45203e-08,0.000352004
0.710927,0.889734,0.0828744,0.686205,0.889734,0.0828744,0.686205,0,0.00037603
0.722035,0.887482,0.0853768,0.688647,0.887482,0.0853768,0.688647,0,0.00039246
0.733144,0.885194,0.0879194,0.691129,0.885194,0.0879194,0.691129,0,0.00040093
0.744252,0.88287,0.0905014,0.693649,0.88287,0.0905014,0.693649,0,0.000401995
0.75536,0.880511,0.0931219,0.696206,0.880512,0.093122,0.696207,0,0.000396895
0.766468,0.878119,0.0957801,0.698801,0.878119,0.0957801,0.698801,0,0.000387327
0.777577,0.875693,0.098475,0.701431,0.875693,0.098475,0.701431,0,0.000375213
0.788685,0.873235,0.101206,0.704096,0.873236,0.101206,0.704096,0,0.00036247
0.799793,0.870746,0.103971,0.706795,0.870746,0.103971,0.706795,0,0.000350781
0.810901,0.868227,0.10677,0.709527,0.868227,0.10677,0.709527,0,0.000341372
0.82201,0.865678,0.109603,0.712291,0.865678,0.109602,0.712291,0,0.000334901
0.833118,0.8631,0.112466,0.715086,0.8631,0.112466,0.715086,0,0.00033152
0.844226,0.860495,0.115361,0.717911,0.860495,0.115361,0.717911,0,0.00033098
0.855334,0.857863,0.118285,0.720765,0.857863,0.118285,0.720765,0,0.000332734
0.866442,0.855206,0.121238,0.723647,0.855205,0.121238,0.723647,0,0.000336045
0.877551,0.852524,0.124218,0.726555,0.852523,0.124218,0.726555,0,0.000340084
0.888659,0.849818,0.127225,0.72949,0.849818,0.127225,0.72949,0,0.00034404
0.899767,0.847089,0.130256,0.732448,0.847089,0.130256,0.732448,4.19731e-08,0.000347218
0.910875,0.844339,0.133312,0.735431,0.844339,0.133312,0.735431,0,0.000349138
0.921984,0.841568,0.13639,0.738435,0.841568,0.13639,0.738435,0,0.00034958
0.933092,0.838778,0.13949,0.741461,0.838778,0.13949,0.741461,0,0.00034855
0.9442,0.835969,0.142611,0.744506,0.83597,0.142611,0.744506,0,0.000346227
0.955308,0.833144,0.145751,0.747571,0.833144,0.145751,0.747571,0,0.000342915
0.966417,0.830302,0.148908,0.750652,0.830302,0.148908,0.750653,0,0.000338989
0.977525,0.827444,0.152083,0.753751,0.827445,0.152083,0.753751,0,0.000334846
0.988633,0.824573,0.155273,0.756864,0.824573,0.155273,0.756864,4.94044e-08,0.000330845
0.999741,0.821689,0.158477,0.759991,0.821689,0.158477,0.759991,0,0.000327261
1.01085,0.818794,0.161694,0.763131,0.818794,0.161694,0.763131,0,0.000324229
1.02196,0.815888,0.164923,0.766282,0.815888,0.164923,0.766282,0,0.000321723
1.03307,0.812972,0.168162,0.769444,0.812972,0.168162,0.769444,0,0.000319591
1.04417,0.810049,0.171411,0.772614,0.810048,0.171411,0.772614,0,0.000317589
1.05528,0.807118,0.174667,0.775792,0.807118,0.174667,0.775792,0,0.000315429
1.06639,0.804181,0.17793,0.778977,0.804181,0.17793,0.778977,0,0.000312825
1.0775,0.80124,0.181198,0.782166,0.80124,0.181198,0.782166,0,0.000309534
1.08861,0.798295,0.18447,0.785359,0.798295,0.18447,0.785359,0,0.000305407
1.09972,0.795348,0.187744,0.788555,0.795348,0.187744,0.788555,3.32597e-08,0.000300427
1.11082,0.7924,0.19102,0.791753,0.7924,0.19102,0.791753,7.25989e-08,0.000294745
1.12193,0.789451,0.194296,0.79495,0.789451,0.194296,0.79495,1.17659e-07,0.000288682
1.13304,0.786504,0.197571,0.798146,0.786504,0.197571,0.798146,1.50276e-07,0.000282666
1.14415,0.783559,0.200843,0.801339,0.783559,0.200843,0.801339,1.65259e-07,0.000277181
1.15526,0.780618,0.204111,0.804528,0.780618,0.204111,0.804529,1.60416e-07,0.000272703
1.16636,0.777681,0.207374,0.807713,0.777681,0.207374,0.807713,1.35973e-07,0.000269661
1.17747,0.77475,0.21063,0.810891,0.77475,0.21063,0.810891,9.47298e-08,0.000268371
1.18858,0.771827,0.213878,0.814061,0.771827,0.213878,0.814061,4.44498e-08,0.000268971
1.19969,0.768911,0.217118,0.817223,0.768911,0.217118,0.817223,3.9882e-08,0.000271331
1.2108,0.766005,0.220346,0.820374,0.766005,0.220346,0.820374,9.601e-08,0.000274947
1.22191,0.76311,0.223564,0.823514,0.763109,0.223564,0.823514,1.50127e-07,0.000278922
1.23301,0.760226,0.226768,0.826641,0.760226,0.226768,0.826641,1.90257e-07,0.000282072
1.24412,0.757355,0.229958,0.829754,0.757355,0.229958,0.829754,2.09967e-07,0.000283086
1.25523,0.754497,0.233132,0.832853,0.754497,0.233132,0.832852,2.05466e-07,0.000280712
1.26634,0.751655,0.23629,0.835934,0.751655,0.23629,0.835934,1.75789e-07,0.000273962
1.27745,0.74883,0.23943,0.838999,0.74883,0.23943,0.838999,1.23157e-07,0.000262305
1.28856,0.746021,0.24255,0.842044,0.746021,0.24255,0.842044,5.45128e-08,0.000245859
1.29966,0.743231,0.24565,0.84507,0.743231,0.24565,0.84507,4.11768e-08,0.000225569
1.31077,0.74046,0.248729,0.848074,0.74046,0.248729,0.848075,1.19109e-07,0.000203312
1.32188,0.73771,0.251785,0.851057,0.73771,0.251785,0.851057,1.90819e-07,0.000181731
1.33299,0.734981,0.254816,0.854015,0.734981,0.254816,0.854016,2.42378e-07,0.000163732
1.3441,0.732275,0.257823,0.85695,0.732276,0.257823,0.85695,2.65677e-07,0.000151895
1.3552,0.729593,0.260803,0.859858,0.729593,0.260803,0.859859,2.56477e-07,0.000148285
1.36631,0.726936,0.263756,0.86274,0.726936,0.263756,0.86274,2.14764e-07,0.000155104
1.37742,0.724304,0.26668,0.865594,0.724304,0.26668,0.865594,1.44933e-07,0.000175486
1.38853,0.721699,0.269574,0.868419,0.721699,0.269574,0.868419,5.72699e-08,0.000212794
1.39964,0.719121,0.272438,0.871214,0.719121,0.272438,0.871214,5.54121e-08,0.000268729
1.41075,0.716572,0.27527,0.873978,0.716572,0.27527,0.873978,1.49765e-07,0.000342311
1.42185,0.714053,0.27807,0.87671,0.714053,0.278069,0.87671,2.31861e-07,0.000430272
1.43296,0.711564,0.280835,0.879409,0.711564,0.280835,0.879409,2.88622e-07,0.000527911
1.44407,0.709106,0.283566,0.882074,0.709106,0.283566,0.882074,3.12849e-07,0.000629746
1.45518,0.70668,0.286261,0.884704,0.70668,0.28626,0.884704,3.02133e-07,0.000729989
1.46629,0.704288,0.288919,0.887299,0.704288,0.288919,0.887299,2.59406e-07,0.000822974
1.4774,0.701929,0.291539,0.889856,0.701929,0.291539,0.889856,1.94259e-07,0.000903577
1.4885,0.699606,0.294121,0.892376,0.699606,0.294121,0.892376,1.29449e-07,0.000967634
1.49961,0.697317,0.296664,0.894858,0.697317,0.296664,0.894858,1.17708e-07,0.00101237
1.51072,0.695065,0.299166,0.8973,0.695065,0.299166,0.8973,1.71005e-07,0.0010368
1.52183,0.69285,0.301628,0.899702,0.69285,0.301628,0.899702,2.32287e-07,0.00104172
1.53294,0.690672,0.304047,0.902064,0.690672,0.304047,0.902064,2.73282e-07,0.00102943
1.54404,0.688533,0.306424,0.904383,0.688533,0.306424,0.904384,2.83821e-07,0.00100329
1.55515,0.686433,0.308757,0.906661,0.686433,0.308757,0.906661,2.61669e-07,0.000967353
1.56626,0.684372,0.311047,0.908895,0.684372,0.311047,0.908895,2.10839e-07,0.000925966
1.57737,0.682352,0.313292,0.911086,0.682352,0.313292,0.911086,1.43396e-07,0.000883343
1.58848,0.680372,0.315491,0.913233,0.680372,0.315491,0.913233,9.47913e-08,0.00084317
1.59959,0.678434,0.317645,0.915334,0.678434,0.317645,0.915334,1.27348e-07,0.000808167
1.61069,0.676537,0.319752,0.917391,0.676537,0.319752,0.917391,2.00628e-07,0.000779721
1.6218,0.674683,0.321812,0.919401,0.674683,0.321812,0.919401,2.68145e-07,0.000757823
1.63291,0.672872,0.323824,0.921366,0.672872,0.323824,0.921365,3.14462e-07,0.000741363
1.64402,0.671104,0.325789,0.923283,0.671104,0.325789,0.923283,3.32694e-07,0.000728472
1.65513,0.669379,0.327705,0.925153,0.669379,0.327705,0.925153,3.20159e-07,0.000716881
1.66624,0.667699,0.329572,0.926975,0.667699,0.329572,0.926975,2.77664e-07,0.000704263
1.67734,0.666062,0.33139,0.92875,0.666062,0.33139,0.92875,2.09705e-07,0.00068857
1.68845,0.66447,0.333159,0.930476,0.66447,0.333159,0.930476,1.26856e-07,0.000668341
1.69956,0.662923,0.334878,0.932154,0.662923,0.334878,0.932154,7.06696e-08,0.000643013
1.71067,0.661421,0.336547,0.933783,0.661421,0.336547,0.933783,1.25777e-07,0.000613171
1.72178,0.659964,0.338166,0.935363,0.659964,0.338166,0.935363,2.10219e-07,0.000580521
1.73288,0.658552,0.339735,0.936894,0.658552,0.339735,0.936894,2.77669e-07,0.000547591
1.74399,0.657185,0.341253,0.938376,0.657186,0.341253,0.938376,3.13091e-07,0.000517408
1.7551,0.655864,0.342721,0.939808,0.655864,0.342721,0.939809,3.07552e-07,0.000493191
1.76621,0.654588,0.344139,0.941192,0.654589,0.344139,0.941192,2.56631e-07,0.00047806
1.77732,0.653358,0.345506,0.942526,0.653358,0.345506,0.942526,1.61919e-07,0.000474735
1.78843,0.652173,0.346822,0.943811,0.652173,0.346822,0.943811,0,0.0004852
1.79953,0.651033,0.348089,0.945047,0.651033,0.348089,0.945047,1.66127e-07,0.000510306
1.81064,0.649938,0.349306,0.946235,0.649938,0.349305,0.946234,3.44597e-07,0.000549406
1.82175,0.648888,0.350472,0.947373,0.648888,0.350472,0.947373,5.17907e-07,0.000600348
1.83286,0.647882,0.35159,0.948464,0.647882,0.351589,0.948463,6.59704e-07,0.000659821
1.84397,0.646921,0.352658,0.949506,0.646921,0.352657,0.949506,7.46592e-07,0.000723762
1.85508,0.646004,0.353677,0.950501,0.646003,0.353677,0.9505,7.5916e-07,0.000787771
1.86618,0.64513,0.354648,0.951448,0.64513,0.354647,0.951448,6.84387e-07,0.000847499
1.87729,0.644299,0.355571,0.952349,0.644299,0.35557,0.952349,5.18435e-07,0.000899019
1.8884,0.643511,0.356446,0.953204,0.643511,0.356446,0.953204,2.72762e-07,0.000939194
1.89951,0.642765,0.357275,0.954013,0.642765,0.357275,0.954013,0,0.000966032
1.91062,0.642061,0.358058,0.954777,0.642061,0.358058,0.954777,4.44672e-07,0.000978984
1.92172,0.641397,0.358795,0.955496,0.641398,0.358795,0.955497,7.92573e-07,0.000978915
1.93283,0.640774,0.359488,0.956172,0.640774,0.359488,0.956173,1.08618e-06,0.000967807
1.94394,0.64019,0.360136,0.956805,0.640191,0.360137,0.956806,1.27129e-06,0.000948426
1.95505,0.639645,0.360742,0.957396,0.639645,0.360743,0.957397,1.29988e-06,0.000923997
1.96616,0.639137,0.361306,0.957947,0.639138,0.361306,0.957947,1.13429e-06,0.000897884
1.97727,0.638667,0.361828,0.958457,0.638668,0.361829,0.958457,7.53341e-07,0.000873286
1.98837,0.638233,0.362311,0.958928,0.638233,0.362311,0.958928,0,0.000852945
1.99948,0.637833,0.362755,0.95936,0.637833,0.362754,0.95936,6.50887e-07,0.00083887
2.01059,0.637468,0.363161,0.959757,0.637467,0.36316,0.959755,1.56838e-06,0.000832097
2.0217,0.637136,0.36353,0.960117,0.637134,0.363529,0.960115,2.5329e-06,0.000832694
2.03281,0.636835,0.363864,0.960443,0.636833,0.363863,0.960441,3.43955e-06,0.000839933
2.04392,0.636564,0.364165,0.960737,0.636562,0.364163,0.960733,4.1821e-06,0.000852482
2.05502,0.636323,0.364433,0.960998,0.636321,0.364431,0.960995,4.66332e-06,0.000868602
2.06613,0.63611,0.36467,0.961229,0.636107,0.364668,0.961226,4.80667e-06,0.000886359
2.07724,0.635923,0.364877,0.961432,0.63592,0.364876,0.961429,4.56799e-06,0.000903861
2.08835,0.635761,0.365057,0.961608,0.635759,0.365056,0.961605,3.94761e-06,0.000919502
2.09946,0.635622,0.365211,0.961758,0.63562,0.36521,0.961756,3.00368e-06,0.000932201
2.11056,0.635505,0.365341,0.961885,0.635504,0.365341,0.961884,1.86891e-06,0.000941591
2.12167,0.635409,0.365449,0.96199,0.635408,0.365449,0.961989,0,0.000947976
2.13278,0.635331,0.365535,0.962075,0.63533,0.365536,0.962075,8.46977e-07,0.000952121
2.14389,0.635269,0.365604,0.962141,0.635269,0.365605,0.962142,1.49075e-06,0.000955026
2.155,0.635222,0.365656,0.962192,0.635223,0.365657,0.962193,1.79601e-06,0.000957707
2.16611,0.635189,0.365693,0.962229,0.635189,0.365694,0.96223,1.60415e-06,0.000960988
2.17721,0.635166,0.365719,0.962253,0.635166,0.365719,0.962254,9.24814e-07,0.000965301
2.18832,0.635152,0.365734,0.962269,0.635152,0.365734,0.962269,1.00944e-07,0.000970475
2.19943,0.635144,0.365742,0.962277,0.635144,0.365742,0.962276,1.16246e-06,0.000975524
2.21054,0.635142,0.365745,0.962279,0.635141,0.365745,0.962278,1.85408e-06,0.000978753
2.22165,0.635141,0.365746,0.96228,0.635141,0.365745,0.962278,2.00396e-06,0.000979451
