t,q0,q1,q2,q3,qdot0,qdot1,qdot2,qdot3,qddot0,qddot1,qddot2,qddot3
0,0,-0.6,0.8,0,0,0,0,0,0,0,0,0
0.00478125,6.20322e-07,-0.6,0.8,3.72193e-07,0.000388245,0.000155298,-0.000155298,0.000232947,0.161587,0.0646348,-0.0646348,0.0969522
0.0095625,4.9253e-06,-0.599998,0.799998,2.95518e-06,0.00153741,0.000614965,-0.000614965,0.000922447,0.318302,0.127321,-0.127321,0.190981
0.0143438,1.64976e-05,-0.599993,0.799993,9.89855e-06,0.00342432,0.00136973,-0.00136973,0.00205459,0.470195,0.188078,-0.188078,0.282117
0.019125,3.88096e-05,-0.599984,0.799984,2.32858e-05,0.00602604,0.00241042,-0.00241042,0.00361562,0.617313,0.246925,-0.246925,0.370388
0.0239063,7.52246e-05,-0.59997,0.79997,4.51348e-05,0.00931985,0.00372794,-0.00372794,0.00559191,0.759708,0.303883,-0.303883,0.455825
0.0286875,0.000128998,-0.599948,0.799948,7.73987e-05,0.0132833,0.00531332,-0.00531332,0.00796998,0.897427,0.358971,-0.358971,0.538456
0.0334688,0.000203278,-0.599919,0.799919,0.000121967,0.0178941,0.00715765,-0.00715765,0.0107365,1.03052,0.412208,-0.412208,0.618312
0.03825,0.000301107,-0.59988,0.79988,0.000180664,0.0231304,0.00925214,-0.00925214,0.0138782,1.15904,0.463615,-0.463615,0.695422
0.0430313,0.000425424,-0.59983,0.79983,0.000255254,0.0289702,0.0115881,-0.0115881,0.0173821,1.28303,0.513211,-0.513211,0.769816
0.0478125,0.000579062,-0.599768,0.799768,0.000347437,0.0353922,0.0141569,-0.0141569,0.0212353,1.40254,0.561015,-0.561015,0.841522
0.0525938,0.000764755,-0.599694,0.799694,0.000458853,0.0423749,0.01695,-0.01695,0.0254249,1.51762,0.607048,-0.607048,0.910572
0.057375,0.000985133,-0.599606,0.799606,0.00059108,0.0498974,0.019959,-0.019959,0.0299384,1.62832,0.651329,-0.651329,0.976993
0.0621563,0.00124273,-0.599503,0.799503,0.000745636,0.0579388,0.0231755,-0.0231755,0.0347633,1.73469,0.693877,-0.693877,1.04082
0.0669375,0.00153997,-0.599384,0.799384,0.00092398,0.0664786,0.0265914,-0.0265914,0.0398872,1.83678,0.734713,-0.734713,1.10207
0.0717187,0.00187919,-0.599248,0.799248,0.00112751,0.0754963,0.0301985,-0.0301985,0.0452978,1.93464,0.773856,-0.773856,1.16078
0.0765,0.00226263,-0.599095,0.799095,0.00135758,0.0849719,0.0339888,-0.0339888,0.0509832,2.02832,0.811326,-0.811326,1.21699
0.0812813,0.00269243,-0.598923,0.798923,0.00161546,0.0948855,0.0379542,-0.0379542,0.0569313,2.11786,0.847142,-0.847142,1.27071
0.0860625,0.00317064,-0.598732,0.798732,0.00190238,0.105217,0.042087,-0.042087,0.0631304,2.20331,0.881325,-0.881325,1.32199
0.0908438,0.00369921,-0.59852,0.79852,0.00221953,0.115948,0.0463793,-0.0463793,0.0695689,2.28473,0.913893,-0.913893,1.37084
0.095625,0.00428,-0.598288,0.798288,0.002568,0.127059,0.0508235,-0.0508235,0.0762353,2.36217,0.944867,-0.944867,1.4173
0.100406,0.00491478,-0.598034,0.798034,0.00294887,0.13853,0.0554121,-0.0554121,0.0831181,2.43567,0.974267,-0.974267,1.4614
0.105188,0.00560524,-0.597758,0.797758,0.00336314,0.150344,0.0601375,-0.0601375,0.0902062,2.50528,1.00211,-1.00211,1.50317
0.109969,0.00635296,-0.597459,0.797459,0.00381178,0.162481,0.0649923,-0.0649923,0.0974885,2.57105,1.02842,-1.02842,1.54263
0.11475,0.00715945,-0.597136,0.797136,0.00429567,0.174923,0.0699693,-0.0699693,0.104954,2.63303,1.05321,-1.05321,1.57982
0.119531,0.00802612,-0.59679,0.79679,0.00481567,0.187653,0.0750613,-0.0750613,0.112592,2.69127,1.07651,-1.07651,1.61476
0.124313,0.00895431,-0.596418,0.796418,0.00537259,0.200653,0.0802611,-0.0802611,0.120392,2.74582,1.09833,-1.09833,1.64749
0.129094,0.00994527,-0.596022,0.796022,0.00596716,0.213904,0.0855617,-0.0855617,0.128343,2.79673,1.11869,-1.11869,1.67804
0.133875,0.0110001,-0.5956,0.7956,0.00660009,0.227391,0.0909563,-0.0909563,0.136434,2.84405,1.13762,-1.13762,1.70643
0.138656,0.01212,-0.595152,0.795152,0.00727202,0.241095,0.096438,-0.096438,0.144657,2.88782,1.15513,-1.15513,1.73269
0.143437,0.0133059,-0.594678,0.794678,0.00798356,0.255,0.102,-0.102,0.153,2.9281,1.17124,-1.17124,1.75686
0.148219,0.0145588,-0.594176,0.794176,0.00873526,0.269089,0.107636,-0.107636,0.161454,2.96494,1.18598,-1.18598,1.77896
0.153,0.0158794,-0.593648,0.793648,0.00952762,0.283347,0.113339,-0.113339,0.170008,2.99838,1.19935,-1.19935,1.79903
0.157781,0.0172685,-0.593093,0.793093,0.0103611,0.297756,0.119102,-0.119102,0.178654,3.02847,1.21139,-1.21139,1.81708
0.162563,0.0187269,-0.592509,0.792509,0.0112361,0.312301,0.124921,-0.124921,0.187381,3.05527,1.22211,-1.22211,1.83316
0.167344,0.0202551,-0.591898,0.791898,0.0121531,0.326967,0.130787,-0.130787,0.19618,3.07882,1.23153,-1.23153,1.84729
0.172125,0.0218537,-0.591259,0.791259,0.0131122,0.341737,0.136695,-0.136695,0.205042,3.09916,1.23967,-1.23967,1.8595
0.176906,0.0235231,-0.590591,0.790591,0.0141139,0.356598,0.142639,-0.142639,0.213959,3.11636,1.24655,-1.24655,1.86982
0.181688,0.0252638,-0.589894,0.789894,0.0151583,0.371533,0.148613,-0.148613,0.22292,3.13046,1.25219,-1.25219,1.87828
0.186469,0.027076,-0.58917,0.78917,0.0162456,0.386528,0.154611,-0.154611,0.231917,3.14151,1.2566,-1.2566,1.88491
0.19125,0.02896,-0.588416,0.788416,0.017376,0.401569,0.160627,-0.160627,0.240941,3.14956,1.25982,-1.25982,1.88973
0.196031,0.030916,-0.587634,0.787634,0.0185496,0.416641,0.166656,-0.166656,0.249984,3.15465,1.26186,-1.26186,1.89279
0.200813,0.0329442,-0.586822,0.786822,0.0197665,0.43173,0.172692,-0.172692,0.259038,3.15684,1.26274,-1.26274,1.8941
0.205594,0.0350444,-0.585982,0.785982,0.0210267,0.446824,0.178729,-0.178729,0.268094,3.15618,1.26247,-1.26247,1.89371
0.210375,0.0372169,-0.585113,0.785113,0.0223301,0.461907,0.184763,-0.184763,0.277144,3.15271,1.26108,-1.26108,1.89162
0.215156,0.0394614,-0.584215,0.784215,0.0236768,0.476967,0.190787,-0.190787,0.28618,3.14648,1.25859,-1.25859,1.88789
0.219938,0.0417778,-0.583289,0.783289,0.0250667,0.491991,0.196796,-0.196796,0.295194,3.13755,1.25502,-1.25502,1.88253
0.224719,0.044166,-0.582334,0.782334,0.0264996,0.506966,0.202786,-0.202786,0.304179,3.12596,1.25038,-1.25038,1.87558
0.2295,0.0466256,-0.58135,0.78135,0.0279754,0.521879,0.208751,-0.208751,0.313127,3.11176,1.24471,-1.24471,1.86706
0.234281,0.0491563,-0.580337,0.780337,0.0294938,0.536718,0.214687,-0.214687,0.322031,3.09501,1.238,-1.238,1.857
0.239063,0.0517578,-0.579297,0.779297,0.0310547,0.551471,0.220588,-0.220588,0.330882,3.07574,1.2303,-1.2303,1.84544
0.243844,0.0544296,-0.578228,0.778228,0.0326578,0.566126,0.22645,-0.22645,0.339675,3.05401,1.22161,-1.22161,1.83241
0.248625,0.0571712,-0.577132,0.777132,0.0343027,0.580671,0.232268,-0.232268,0.348402,3.02987,1.21195,-1.21195,1.81792
0.253406,0.0599821,-0.576007,0.776007,0.0359892,0.595095,0.238038,-0.238038,0.357057,3.00337,1.20135,-1.20135,1.80202
0.258188,0.0628616,-0.574855,0.774855,0.037717,0.609387,0.243755,-0.243755,0.365632,2.97456,1.18982,-1.18982,1.78474
0.262969,0.0658091,-0.573676,0.773676,0.0394855,0.623536,0.249414,-0.249414,0.374121,2.94348,1.17739,-1.17739,1.76609
0.26775,0.0688239,-0.57247,0.77247,0.0412943,0.63753,0.255012,-0.255012,0.382518,2.91019,1.16408,-1.16408,1.74611
0.272531,0.0719052,-0.571238,0.771238,0.0431431,0.651361,0.260544,-0.260544,0.390816,2.87473,1.14989,-1.14989,1.72484
0.277313,0.0750523,-0.569979,0.769979,0.0450314,0.665017,0.266007,-0.266007,0.39901,2.83716,1.13486,-1.13486,1.7023
0.282094,0.0782642,-0.568694,0.768694,0.0469585,0.678488,0.271395,-0.271395,0.407093,2.79752,1.11901,-1.11901,1.67851
0.286875,0.08154,-0.567384,0.767384,0.048924,0.691765,0.276706,-0.276706,0.415059,2.75586,1.10235,-1.10235,1.65352
0.291656,0.0848788,-0.566048,0.766048,0.0509273,0.704838,0.281935,-0.281935,0.422903,2.71224,1.08489,-1.08489,1.62734
0.296438,0.0882797,-0.564688,0.764688,0.0529678,0.717697,0.287079,-0.287079,0.430618,2.66669,1.06668,-1.06668,1.60001
0.301219,0.0917415,-0.563303,0.763303,0.0550449,0.730335,0.292134,-0.292134,0.438201,2.61928,1.04771,-1.04771,1.57157
0.306,0.0952631,-0.561895,0.761895,0.0571579,0.742741,0.297097,-0.297097,0.445645,2.57004,1.02802,-1.02802,1.54202
0.310781,0.0988435,-0.560463,0.760463,0.0593061,0.754908,0.301963,-0.301963,0.452945,2.51903,1.00761,-1.00761,1.51142
0.315563,0.102482,-0.559007,0.759007,0.0614889,0.766827,0.306731,-0.306731,0.460096,2.4663,0.98652,-0.98652,1.47978
0.320344,0.106176,-0.55753,0.75753,0.0637056,0.778489,0.311396,-0.311396,0.467094,2.4119,0.964759,-0.964759,1.44714
0.325125,0.109925,-0.55603,0.75603,0.0659553,0.789888,0.315955,-0.315955,0.473933,2.35587,0.942348,-0.942348,1.41352
0.329906,0.113729,-0.554508,0.754508,0.0682373,0.801015,0.320406,-0.320406,0.480609,2.29827,0.919307,-0.919307,1.37896
0.334688,0.117585,-0.552966,0.752966,0.0705508,0.811863,0.324745,-0.324745,0.487118,2.23914,0.895656,-0.895656,1.34348
0.339469,0.121492,-0.551403,0.751403,0.0728951,0.822424,0.32897,-0.32897,0.493455,2.17853,0.871414,-0.871414,1.30712
0.34425,0.125449,-0.549821,0.749821,0.0752692,0.832693,0.333077,-0.333077,0.499616,2.1165,0.846601,-0.846601,1.2699
0.349031,0.129454,-0.548218,0.748218,0.0776723,0.842661,0.337064,-0.337064,0.505597,2.05309,0.821237,-0.821237,1.23186
0.353813,0.133506,-0.546598,0.746598,0.0801037,0.852323,0.340929,-0.340929,0.511394,1.98836,0.795342,-0.795342,1.19301
0.358594,0.137604,-0.544958,0.744958,0.0825623,0.861673,0.344669,-0.344669,0.517004,1.92234,0.768935,-0.768935,1.1534
0.363375,0.141745,-0.543302,0.743302,0.0850472,0.870704,0.348281,-0.348281,0.522422,1.85509,0.742036,-0.742036,1.11305
0.368156,0.145929,-0.541628,0.741628,0.0875576,0.87941,0.351764,-0.351764,0.527646,1.78666,0.714664,-0.714664,1.072
0.372938,0.150154,-0.539938,0.739938,0.0900925,0.887787,0.355115,-0.355115,0.532672,1.7171,0.68684,-0.68684,1.03026
0.377719,0.154418,-0.538233,0.738233,0.092651,0.895828,0.358331,-0.358331,0.537497,1.64646,0.658582,-0.658582,0.987874
0.3825,0.15872,-0.536512,0.736512,0.095232,0.903529,0.361412,-0.361412,0.542118,1.57478,0.629912,-0.629912,0.944867
0.387281,0.163058,-0.534777,0.734777,0.0978346,0.910886,0.364354,-0.364354,0.546531,1.50212,0.600847,-0.600847,0.901271
0.392063,0.16743,-0.533028,0.733028,0.100458,0.917892,0.367157,-0.367157,0.550735,1.42852,0.571409,-0.571409,0.857113
0.396844,0.171835,-0.531266,0.731266,0.103101,0.924544,0.369818,-0.369818,0.554727,1.35404,0.541616,-0.541616,0.812424
0.401625,0.17627,-0.529492,0.729492,0.105762,0.930839,0.372335,-0.372335,0.558503,1.27872,0.511488,-0.511488,0.767232
0.406406,0.180735,-0.527706,0.727706,0.108441,0.936771,0.374708,-0.374708,0.562063,1.20261,0.481046,-0.481046,0.721569
0.411187,0.185227,-0.525909,0.725909,0.111136,0.942337,0.376935,-0.376935,0.565402,1.12577,0.450308,-0.450308,0.675462
0.415969,0.189746,-0.524102,0.724102,0.113847,0.947535,0.379014,-0.379014,0.568521,1.04824,0.419295,-0.419295,0.628942
0.42075,0.194288,-0.522285,0.722285,0.116573,0.95236,0.380944,-0.380944,0.571416,0.970064,0.388026,-0.388026,0.582038
0.425531,0.198852,-0.520459,0.720459,0.119311,0.95681,0.382724,-0.382724,0.574086,0.8913,0.35652,-0.35652,0.53478
0.430312,0.203437,-0.518625,0.718625,0.122062,0.960882,0.384353,-0.384353,0.576529,0.811995,0.324798,-0.324798,0.487197
0.435094,0.20804,-0.516784,0.716784,0.124824,0.964574,0.38583,-0.38583,0.578744,0.732198,0.292879,-0.292879,0.439319
0.439875,0.21266,-0.514936,0.714936,0.127596,0.967883,0.387153,-0.387153,0.58073,0.651958,0.260783,-0.260783,0.391175
0.444656,0.217295,-0.513082,0.713082,0.130377,0.970808,0.388323,-0.388323,0.582485,0.571325,0.22853,-0.22853,0.342795
0.449437,0.221942,-0.511223,0.711223,0.133165,0.973346,0.389338,-0.389338,0.584008,0.490347,0.196139,-0.196139,0.294208
0.454219,0.226602,-0.509359,0.709359,0.135961,0.975496,0.390199,-0.390199,0.585298,0.409073,0.163629,-0.163629,0.245444
0.459,0.23127,-0.507492,0.707492,0.138762,0.977257,0.390903,-0.390903,0.586354,0.327554,0.131022,-0.131022,0.196532
0.463781,0.235946,-0.505622,0.705622,0.141568,0.978628,0.391451,-0.391451,0.587177,0.245838,0.0983351,-0.0983351,0.147503
0.468563,0.240627,-0.503749,0.703749,0.144376,0.979608,0.391843,-0.391843,0.587765,0.163974,0.0655895,-0.0655895,0.0983843
0.473344,0.245313,-0.501875,0.701875,0.147188,0.980196,0.392078,-0.392078,0.588118,0.0820115,0.0328046,-0.0328046,0.0492069
0.478125,0.25,-0.5,0.7,0.15,0.980392,0.392157,-0.392157,0.588235,0,9.71309e-16,0,0
0.482906,0.254687,-0.498125,0.698125,0.152812,0.980196,0.392078,-0.392078,0.588118,-0.0820115,-0.0328046,0.0328046,-0.0492069
0.487688,0.259373,-0.496251,0.696251,0.155624,0.979608,0.391843,-0.391843,0.587765,-0.163974,-0.0655895,0.0655895,-0.0983843
0.492469,0.264054,-0.494378,0.694378,0.158432,0.978628,0.391451,-0.391451,0.587177,-0.245838,-0.0983351,0.0983351,-0.147503
0.49725,0.26873,-0.492508,0.692508,0.161238,0.977257,0.390903,-0.390903,0.586354,-0.327554,-0.131022,0.131022,-0.196532
0.502031,0.273398,-0.490641,0.690641,0.164039,0.975496,0.390199,-0.390199,0.585298,-0.409073,-0.163629,0.163629,-0.245444
0.506813,0.278058,-0.488777,0.688777,0.166835,0.973346,0.389338,-0.389338,0.584008,-0.490347,-0.196139,0.196139,-0.294208
0.511594,0.282705,-0.486918,0.686918,0.169623,0.970808,0.388323,-0.388323,0.582485,-0.571325,-0.22853,0.22853,-0.342795
0.516375,0.28734,-0.485064,0.685064,0.172404,0.967883,0.387153,-0.387153,0.58073,-0.651958,-0.260783,0.260783,-0.391175
0.521156,0.29196,-0.483216,0.683216,0.175176,0.964574,0.38583,-0.38583,0.578744,-0.732198,-0.292879,0.292879,-0.439319
0.525937,0.296563,-0.481375,0.681375,0.177938,0.960882,0.384353,-0.384353,0.576529,-0.811995,-0.324798,0.324798,-0.487197
0.530719,0.301148,-0.479541,0.679541,0.180689,0.95681,0.382724,-0.382724,0.574086,-0.8913,-0.35652,0.35652,-0.53478
0.5355,0.305712,-0.477715,0.677715,0.183427,0.95236,0.380944,-0.380944,0.571416,-0.970064,-0.388026,0.388026,-0.582038
0.540281,0.310254,-0.475898,0.675898,0.186153,0.947535,0.379014,-0.379014,0.568521,-1.04824,-0.419295,0.419295,-0.628942
0.545063,0.314773,-0.474091,0.674091,0.188864,0.942337,0.376935,-0.376935,0.565402,-1.12577,-0.450308,0.450308,-0.675462
0.549844,0.319265,-0.472294,0.672294,0.191559,0.936771,0.374708,-0.374708,0.562063,-1.20261,-0.481046,0.481046,-0.721569
0.554625,0.32373,-0.470508,0.670508,0.194238,0.930839,0.372335,-0.372335,0.558503,-1.27872,-0.511488,0.511488,-0.767232
0.559406,0.328165,-0.468734,0.668734,0.196899,0.924544,0.369818,-0.369818,0.554727,-1.35404,-0.541616,0.541616,-0.812424
0.564188,0.33257,-0.466972,0.666972,0.199542,0.917892,0.367157,-0.367157,0.550735,-1.42852,-0.571409,0.571409,-0.857113
0.568969,0.336942,-0.465223,0.665223,0.202165,0.910885,0.364354,-0.364354,0.546531,-1.50212,-0.600847,0.600847,-0.901271
0.57375,0.34128,-0.463488,0.663488,0.204768,0.903529,0.361412,-0.361412,0.542118,-1.57478,-0.629912,0.629912,-0.944867
0.578531,0.345582,-0.461767,0.661767,0.207349,0.895828,0.358331,-0.358331,0.537497,-1.64646,-0.658582,0.658582,-0.987874
0.583313,0.349846,-0.460062,0.660062,0.209907,0.887787,0.355115,-0.355115,0.532672,-1.7171,-0.68684,0.68684,-1.03026
0.588094,0.354071,-0.458372,0.658372,0.212442,0.87941,0.351764,-0.351764,0.527646,-1.78666,-0.714664,0.714664,-1.072
0.592875,0.358255,-0.456698,0.656698,0.214953,0.870704,0.348281,-0.348281,0.522422,-1.85509,-0.742036,0.742036,-1.11305
0.597656,0.362396,-0.455042,0.655042,0.217438,0.861673,0.344669,-0.344669,0.517004,-1.92234,-0.768935,0.768935,-1.1534
0.602438,0.366494,-0.453402,0.653402,0.219896,0.852323,0.340929,-0.340929,0.511394,-1.98836,-0.795342,0.795342,-1.19301
0.607219,0.370546,-0.451782,0.651782,0.222328,0.842661,0.337064,-0.337064,0.505597,-2.05309,-0.821237,0.821237,-1.23186
0.612,0.374551,-0.450179,0.650179,0.224731,0.832693,0.333077,-0.333077,0.499616,-2.1165,-0.846601,0.846601,-1.2699
0.616781,0.378508,-0.448597,0.648597,0.227105,0.822424,0.32897,-0.32897,0.493455,-2.17853,-0.871414,0.871414,-1.30712
0.621563,0.382415,-0.447034,0.647034,0.229449,0.811863,0.324745,-0.324745,0.487118,-2.23914,-0.895656,0.895656,-1.34348
0.626344,0.386271,-0.445492,0.645492,0.231763,0.801015,0.320406,-0.320406,0.480609,-2.29827,-0.919307,0.919307,-1.37896
0.631125,0.390075,-0.44397,0.64397,0.234045,0.789888,0.315955,-0.315955,0.473933,-2.35587,-0.942348,0.942348,-1.41352
0.635906,0.393824,-0.44247,0.64247,0.236294,0.778489,0.311396,-0.311396,0.467094,-2.4119,-0.964759,0.964759,-1.44714
0.640688,0.397518,-0.440993,0.640993,0.238511,0.766827,0.306731,-0.306731,0.460096,-2.4663,-0.98652,0.98652,-1.47978
0.645469,0.401156,-0.439537,0.639537,0.240694,0.754908,0.301963,-0.301963,0.452945,-2.51903,-1.00761,1.00761,-1.51142
0.65025,0.404737,-0.438105,0.638105,0.242842,0.742741,0.297097,-0.297097,0.445645,-2.57004,-1.02802,1.02802,-1.54202
0.655031,0.408259,-0.436697,0.636697,0.244955,0.730335,0.292134,-0.292134,0.438201,-2.61928,-1.04771,1.04771,-1.57157
0.659813,0.41172,-0.435312,0.635312,0.247032,0.717697,0.287079,-0.287079,0.430618,-2.66669,-1.06668,1.06668,-1.60001
0.664594,0.415121,-0.433952,0.633952,0.249073,0.704838,0.281935,-0.281935,0.422903,-2.71224,-1.08489,1.08489,-1.62734
0.669375,0.41846,-0.432616,0.632616,0.251076,0.691765,0.276706,-0.276706,0.415059,-2.75586,-1.10235,1.10235,-1.65352
0.674156,0.421736,-0.431306,0.631306,0.253042,0.678488,0.271395,-0.271395,0.407093,-2.79752,-1.11901,1.11901,-1.67851
0.678937,0.424948,-0.430021,0.630021,0.254969,0.665017,0.266007,-0.266007,0.39901,-2.83716,-1.13486,1.13486,-1.7023
0.683719,0.428095,-0.428762,0.628762,0.256857,0.651361,0.260544,-0.260544,0.390816,-2.87473,-1.14989,1.14989,-1.72484
0.6885,0.431176,-0.42753,0.62753,0.258706,0.63753,0.255012,-0.255012,0.382518,-2.91019,-1.16408,1.16408,-1.74611
0.693281,0.434191,-0.426324,0.626324,0.260515,0.623536,0.249414,-0.249414,0.374121,-2.94348,-1.17739,1.17739,-1.76609
0.698063,0.437138,-0.425145,0.625145,0.262283,0.609387,0.243755,-0.243755,0.365632,-2.97456,-1.18982,1.18982,-1.78474
0.702844,0.440018,-0.423993,0.623993,0.264011,0.595095,0.238038,-0.238038,0.357057,-3.00337,-1.20135,1.20135,-1.80202
0.707625,0.442829,-0.422868,0.622868,0.265697,0.580671,0.232268,-0.232268,0.348402,-3.02987,-1.21195,1.21195,-1.81792
0.712406,0.44557,-0.421772,0.621772,0.267342,0.566125,0.22645,-0.22645,0.339675,-3.05401,-1.22161,1.22161,-1.83241
0.717187,0.448242,-0.420703,0.620703,0.268945,0.551471,0.220588,-0.220588,0.330882,-3.07574,-1.2303,1.2303,-1.84544
0.721969,0.450844,-0.419663,0.619663,0.270506,0.536718,0.214687,-0.214687,0.322031,-3.09501,-1.238,1.238,-1.857
0.72675,0.453374,-0.41865,0.61865,0.272025,0.521879,0.208751,-0.208751,0.313127,-3.11176,-1.24471,1.24471,-1.86706
0.731531,0.455834,-0.417666,0.617666,0.2735,0.506966,0.202786,-0.202786,0.304179,-3.12596,-1.25038,1.25038,-1.87558
0.736313,0.458222,-0.416711,0.616711,0.274933,0.491991,0.196796,-0.196796,0.295194,-3.13755,-1.25502,1.25502,-1.88253
0.741094,0.460539,-0.415785,0.615785,0.276323,0.476967,0.190787,-0.190787,0.28618,-3.14648,-1.25859,1.25859,-1.88789
0.745875,0.462783,-0.414887,0.614887,0.27767,0.461907,0.184763,-0.184763,0.277144,-3.15271,-1.26108,1.26108,-1.89162
0.750656,0.464956,-0.414018,0.614018,0.278973,0.446824,0.178729,-0.178729,0.268094,-3.15618,-1.26247,1.26247,-1.89371
0.755437,0.467056,-0.413178,0.613178,0.280234,0.43173,0.172692,-0.172692,0.259038,-3.15684,-1.26274,1.26274,-1.8941
0.760219,0.469084,-0.412366,0.612366,0.28145,0.416641,0.166656,-0.166656,0.249984,-3.15465,-1.26186,1.26186,-1.89279
0.765,0.47104,-0.411584,0.611584,0.282624,0.401569,0.160627,-0.160627,0.240941,-3.14956,-1.25982,1.25982,-1.88973
0.769781,0.472924,-0.41083,0.61083,0.283754,0.386528,0.154611,-0.154611,0.231917,-3.14151,-1.2566,1.2566,-1.88491
0.774562,0.474736,-0.410106,0.610106,0.284842,0.371533,0.148613,-0.148613,0.22292,-3.13046,-1.25219,1.25219,-1.87828
0.779344,0.476477,-0.409409,0.609409,0.285886,0.356598,0.142639,-0.142639,0.213959,-3.11636,-1.24655,1.24655,-1.86982
0.784125,0.478146,-0.408741,0.608741,0.286888,0.341737,0.136695,-0.136695,0.205042,-3.09916,-1.23967,1.23967,-1.8595
0.788906,0.479745,-0.408102,0.608102,0.287847,0.326967,0.130787,-0.130787,0.19618,-3.07882,-1.23153,1.23153,-1.84729
0.793688,0.481273,-0.407491,0.607491,0.288764,0.312301,0.124921,-0.124921,0.187381,-3.05527,-1.22211,1.22211,-1.83316
0.798469,0.482731,-0.406907,0.606907,0.289639,0.297756,0.119102,-0.119102,0.178654,-3.02847,-1.21139,1.21139,-1.81708
0.80325,0.484121,-0.406352,0.606352,0.290472,0.283347,0.113339,-0.113339,0.170008,-2.99838,-1.19935,1.19935,-1.79903
0.808031,0.485441,-0.405824,0.605824,0.291265,0.269089,0.107636,-0.107636,0.161454,-2.96494,-1.18598,1.18598,-1.77896
0.812813,0.486694,-0.405322,0.605322,0.292016,0.255,0.102,-0.102,0.153,-2.9281,-1.17124,1.17124,-1.75686
0.817594,0.48788,-0.404848,0.604848,0.292728,0.241095,0.096438,-0.096438,0.144657,-2.88782,-1.15513,1.15513,-1.73269
0.822375,0.489,-0.4044,0.6044,0.2934,0.227391,0.0909563,-0.0909563,0.136434,-2.84405,-1.13762,1.13762,-1.70643
0.827156,0.490055,-0.403978,0.603978,0.294033,0.213904,0.0855617,-0.0855617,0.128343,-2.79673,-1.11869,1.11869,-1.67804
0.831938,0.491046,-0.403582,0.603582,0.294627,0.200653,0.0802611,-0.0802611,0.120392,-2.74582,-1.09833,1.09833,-1.64749
0.836719,0.491974,-0.40321,0.60321,0.295184,0.187653,0.0750613,-0.0750613,0.112592,-2.69127,-1.07651,1.07651,-1.61476
0.8415,0.492841,-0.402864,0.602864,0.295704,0.174923,0.0699693,-0.0699693,0.104954,-2.63303,-1.05321,1.05321,-1.57982
0.846281,0.493647,-0.402541,0.602541,0.296188,0.162481,0.0649923,-0.0649923,0.0974885,-2.57105,-1.02842,1.02842,-1.54263
0.851063,0.494395,-0.402242,0.602242,0.296637,0.150344,0.0601375,-0.0601375,0.0902062,-2.50528,-1.00211,1.00211,-1.50317
0.855844,0.495085,-0.401966,0.601966,0.297051,0.13853,0.0554121,-0.0554121,0.0831181,-2.43567,-0.974267,0.974267,-1.4614
0.860625,0.49572,-0.401712,0.601712,0.297432,0.127059,0.0508235,-0.0508235,0.0762353,-2.36217,-0.944867,0.944867,-1.4173
0.865406,0.496301,-0.40148,0.60148,0.29778,0.115948,0.0463793,-0.0463793,0.0695689,-2.28473,-0.913893,0.913893,-1.37084
0.870188,0.496829,-0.401268,0.601268,0.298098,0.105217,0.042087,-0.042087,0.0631304,-2.20331,-0.881325,0.881325,-1.32199
0.874969,0.497308,-0.401077,0.601077,0.298385,0.0948855,0.0379542,-0.0379542,0.0569313,-2.11786,-0.847142,0.847142,-1.27071
0.87975,0.497737,-0.400905,0.600905,0.298642,0.0849719,0.0339888,-0.0339888,0.0509832,-2.02832,-0.811326,0.811326,-1.21699
0.884531,0.498121,-0.400752,0.600752,0.298872,0.0754963,0.0301985,-0.0301985,0.0452978,-1.93464,-0.773856,0.773856,-1.16078
0.889313,0.49846,-0.400616,0.600616,0.299076,0.0664786,0.0265914,-0.0265914,0.0398872,-1.83678,-0.734713,0.734713,-1.10207
0.894094,0.498757,-0.400497,0.600497,0.299254,0.0579388,0.0231755,-0.0231755,0.0347633,-1.73469,-0.693877,0.693877,-1.04082
0.898875,0.499015,-0.400394,0.600394,0.299409,0.0498974,0.019959,-0.019959,0.0299384,-1.62832,-0.651329,0.651329,-0.976993
0.903656,0.499235,-0.400306,0.600306,0.299541,0.0423749,0.01695,-0.01695,0.0254249,-1.51762,-0.607048,0.607048,-0.910572
0.908438,0.499421,-0.400232,0.600232,0.299653,0.0353922,0.0141569,-0.0141569,0.0212353,-1.40254,-0.561015,0.561015,-0.841522
0.913219,0.499575,-0.40017,0.60017,0.299745,0.0289702,0.0115881,-0.0115881,0.0173821,-1.28303,-0.513211,0.513211,-0.769816
0.918,0.499699,-0.40012,0.60012,0.299819,0.0231304,0.00925214,-0.00925214,0.0138782,-1.15904,-0.463615,0.463615,-0.695422
0.922781,0.499797,-0.400081,0.600081,0.299878,0.0178941,0.00715765,-0.00715765,0.0107365,-1.03052,-0.412208,0.412208,-0.618312
0.927563,0.499871,-0.400052,0.600052,0.299923,0.0132833,0.00531332,-0.00531332,0.00796998,-0.897427,-0.358971,0.358971,-0.538456
0.932344,0.499925,-0.40003,0.60003,0.299955,0.00931985,0.00372794,-0.00372794,0.00559191,-0.759708,-0.303883,0.303883,-0.455825
0.937125,0.499961,-0.400016,0.600016,0.299977,0.00602604,0.00241042,-0.00241042,0.00361562,-0.617313,-0.246925,0.246925,-0.370388
0.941906,0.499984,-0.400007,0.600007,0.29999,0.00342432,0.00136973,-0.00136973,0.00205459,-0.470195,-0.188078,0.188078,-0.282117
0.946688,0.499995,-0.400002,0.600002,0.299997,0.00153741,0.000614965,-0.000614965,0.000922447,-0.318302,-0.127321,0.127321,-0.190981
0.951469,0.499999,-0.4,0.6,0.3,0.000388245,0.000155298,-0.000155298,0.000232947,-0.161587,-0.0646348,0.0646348,-0.0969522
0.95625,0.5,-0.4,0.6,0.3,0,0,-9.28814e-16,0,0,3.88524e-15,0,0
